-- phpMyAdmin SQL Dump
-- version 4.2.11
-- http://www.phpmyadmin.net
--
-- Host: 127.0.0.1
-- Generation Time: Jun 16, 2015 at 06:12 AM
-- Server version: 5.6.21
-- PHP Version: 5.6.3

SET SQL_MODE = "NO_AUTO_VALUE_ON_ZERO";
SET time_zone = "+00:00";


/*!40101 SET @OLD_CHARACTER_SET_CLIENT=@@CHARACTER_SET_CLIENT */;
/*!40101 SET @OLD_CHARACTER_SET_RESULTS=@@CHARACTER_SET_RESULTS */;
/*!40101 SET @OLD_COLLATION_CONNECTION=@@COLLATION_CONNECTION */;
/*!40101 SET NAMES utf8 */;

--
-- Database: `db_fp`
--

-- --------------------------------------------------------

--
-- Table structure for table `artikel`
--

CREATE TABLE IF NOT EXISTS `artikel` (
`id_artikel` bigint(20) NOT NULL,
  `judul` varchar(100) NOT NULL,
  `tanggal` date NOT NULL,
  `author` varchar(100) NOT NULL,
  `konten` text NOT NULL,
  `isi` text NOT NULL,
  `id_kategori` varchar(100) NOT NULL,
  `lihat` bigint(20) NOT NULL,
  `last_edit` date NOT NULL
) ENGINE=InnoDB AUTO_INCREMENT=60 DEFAULT CHARSET=latin1;

--
-- Dumping data for table `artikel`
--

INSERT INTO `artikel` (`id_artikel`, `judul`, `tanggal`, `author`, `konten`, `isi`, `id_kategori`, `lihat`, `last_edit`) VALUES
(40, 'Jembatan Ampera', '2015-06-07', 'admin', 'Jembatan Ampera – ini di tengah-tengah kota Palembang, dibangun untuk menghubungkan kedua daerah kota Palembang ini yang dibelah oleh sungai musi, sehingga menjadi daerah seberang ulu dan daerah seberang ilir. ', '<p><strong>Jembatan Ampera</strong> &ndash; ini di tengah-tengah kota Palembang, dibangun untuk menghubungkan kedua daerah kota Palembang ini yang dibelah oleh sungai musi, sehingga menjadi daerah seberang ulu dan daerah seberang ilir. Jembatan ini adalah lambang dari kota Palembang, dan jembatan ini merupakan jembatan kebanggan kota Palembang. Setiap hari nya jembatan ini padat akan lalu lalang kendaran yang lewat, mulai dari mobil, motor, angkutan umum, bus kota, hingga becak, dan lain-lain. Apalagi di pagi dan sore hari, setiap harinya terjadi kemacetan parah, kerena semua orang ingin pergi dan pulang dari bekerja dari wilayah kota bagian Seberang ilir maupun Seberang ulu ke rumah masing-masing.</p>\r\n\r\n<p>Tidak hanya orang &ndash; orang yang akan pergi bekerja yang melewati jembatan kokoh tersebut, tetapi juga anak &ndash; anak sekolah, dan para mahasiswa. Tetapi meski kemacetan sering terjadi disana, tidak mengurangi keindahan yang di berikan oleh jembatan ini, contohnya di malam hari, saat matahari menghilang dan gelap pun datang, jembatan kokoh tersebut akan tetap bersinar memberikan keindahan tersendiri bagi setiap pasang mata yang memandangnya. Banyak para pengunjung yang sedang berlibur ke kota Palembang sengaja berfoto-foto diatas jembatan, karena kalau kata orang sini, anda belum datang ke Palembang jika belum menapaki Jembatan Ampera dan menikmati Empek-empek.</p>\r\n\r\n<p><strong>Sejarah</strong></p>\r\n\r\n<p>Pada jaman dahulu, beberapa saat setelah merdeka, masyarakat dari Seberang ilir dan Seberang ulu selalu menggunakan transportasi air yaitu berupa perahu jika ingin menyebrangi sungai musi. Lalu masyarakat meminta kepada pemerintah agar dibuatkan sebuah jembatan di atas sungai musi agar bisa lebih meringankan perkerjaan mereka.</p>\r\n\r\n<p>Sayangnya terkendala pada dana, sebab dana yang dimiliki oleh masyarakat kota Palembang tidak memadai untung membangun sebuah jembatan yang pada saat itu merupakan jembatan terpanjang di Asia Tenggara, tetapi Panitia pembangunan yang terdiri dari Penguasa Perang KODAM IV/ Sriwijaya, Harun Sohar, Gubernur Sumatera Selatan, H.A. Bastari, dan beberapa tokoh penting lainnya tidak menyerah untuk meminta dukungan dari presiden Republik Indonesia yang pertama yaitu Bung Karno.</p>\r\n\r\n<p>Akhirnya pembangunan jembatan di setujui dengan dana pampasan perang jepang, dengan tenaga ahli dari Jepang. Jembatan ini memiliki panjang sekitar 1.117 meter, dan lebar 22 meter serta tinggi 11.5 meter dari permukaan dengan tinggi menara 63 meter dari permukaan tanah. Dulunya bernama Jembatan Bung karno, karena hal itu terbentuklah gerakan anti bung karno karena dianggap pembangunan tersebut merupakan Politik Mercusuar beliau. Akhirnya nama jembatan diganti menjadi Ampera ( Amanat Penderitaan Rakyat). Awalnya, jembatan ini berwarna abu&ndash;abu, lalu pada tahun 1992 di cat dengan warna kuning, dan terakhir di tahun 2002 di cat dengan warna merah hingga sekarang.</p>\r\n\r\n<p><strong>Akomodasi</strong></p>\r\n\r\n<p>Untuk hal akomodasi, memang ada angkutan umum yang melewati jembatan tersebut, tetapi jangan berharap anda bisa berhenti atau turun dari angkutan tersebut tepat di atas jembatan ampera, sebab, pertama anda akan mengganggu aktivitas padat di jembatan tersebut, kedua, sepertinya tidak akan ada supir angkutan yang akan berhenti di atas sana kalau dia punya moral yang baik.</p>\r\n\r\n<p>Maka dari itu anda bisa naik ke atas jembatan ampera dari bagian bawahnya atau dari kaki jembatan tersebut, baik dari seberang ulu maupun ilir semuanya bisa, karena terdapat sebuah tangga untuk naik pada setiap sisi jembatan tersebut.</p>\r\n\r\n<p>Untuk sampai ke bawah ampera, anda bisa naik angkutan umum dari daerah mana saja, karena sebagian besar angkutan umum di kota pempek ini berhenti di bawah jembatan ampera yang merupakan tempat pemberhentian atau terminal terakhirnya.</p>\r\n\r\n<p>Contoh beberapa angkutan yang menuju jembatan Ampera adalah angkutan jurusan &ldquo;Bukit Besar &ndash; Ampera&rdquo;, &ldquo;Perumnas (Sako) &ndash; Ampera&rdquo;, &ldquo;Sekip &ndash; Ampera&rdquo;, &ldquo;Pakjo &ndash; Ampera&rdquo;, &ldquo;Lemabang &ndash; Ampera&rdquo;, &ldquo;KM5 &ndash; Ampera&rdquo;, &ldquo;Ampera &ndash; Karya Jaya&rdquo;, dan &ldquo;Plaju &ndash; Ampera&rdquo;. Anda hanya perlu membayar ongkos sebesar Rp 2.500 per orangnya. Sedangkan untuk bus kota, tidak ada yang berhenti dibawah jembatan ampera, jadi darimanapun anda, jika anda pergi dengan menggunakan bus, sebaiknya turun di samping Masjid Agung, dan sedikit berjalan menuju Jembatan Ampera.</p>\r\n\r\n<p>Alternatif lain adalah Transmusi, anda bisa menaiki transmusi dengan rute &ldquo;Ampera &ndash; Terminal Alang&ndash;Alang lebar&rdquo;, jika anda naik transmusi dengan rute lain, anda bisa transit di halte Polda yang terletak di depan fly-over, dan menunggu transmusi dengan rute yang benar. Cukup membayar Rp 4.000, jika anda melakukan transit tidak perlu membayar lagi, hanya cukup tunjukkan saja tiket transmusi yang sudah anda dapatkan.</p>\r\n\r\n<p><strong>Tips Berkunjung ke Jembatan Ampera :</strong></p>\r\n\r\n<p>1. Berhati-hatilah saat di atas Jembatan karena banyak mobil yang berlalu-lalang. Terutama saat ingin menyebrang dari sisi kanan ke kiri atau sebaliknya.</p>\r\n\r\n<p>2. Hati-hati dengan barang bawaan anda, mengingat tindak kriminal yang bisa terjadi.</p>\r\n\r\n<p>3. Selalu, Jangan membuang sampah sembarangan, jagalah kebersihan kota ini agar masyarakat lain tahu kalau Palembang memang layak memenangkan adipura.</p>\r\n\r\n<p>4. Jika sekedar ingin melewati jembatan Ampera dan tidak berniat berhenti, sebaiknya hindari pagi dan sore hari, karena jam-jam ini biasanya terjadi kemacetan.</p>\r\n', '1', 12, '0000-00-00'),
(41, 'Taman Wisata Kambang Iwak ', '2015-06-07', 'admin', 'Salah satu jejak peninggalan Kompeni Belanda di Kota Palembang adalah Taman Wisata Kambang Iwak. Tidak diketahui secara persis apa nama taman ini dijaman Belanda tapi yang jelas taman ini dibuat saat jaman Belanda', '<p><strong>Taman Wisata Kambang Iwak Besak </strong>&ndash; Salah satu jejak peninggalan Kompeni Belanda di Kota Palembang adalah Taman Wisata Kambang Iwak. Tidak diketahui secara persis apa nama taman ini dijaman Belanda tapi yang jelas taman ini dibuat saat jaman Belanda diperuntuhkan untuk warga Belanda yang bermukim disekitaran taman tersebut sebagai saranan rekreasi keluarga.</p>\r\n\r\n<p>Hal tersebut dibuktikan dengan adanya permukiman warga Belanda disekitaran Taman Wisata Kambang Iwak yang sekarang nama daerah tersebut adalah kawasan Talang Semut. Salah satu bukti lagi bahwa kawasan Talang Semut dahulu adalah permukiman elit warga Belanda adalah, bangunan mewah yang sekarang menjadi rumah dinas Walikota Palembang, hingga sekarang masih kokoh berdiri, bahkan pohon-pohon tua juga masih ada sampai saat ini.</p>\r\n\r\n<p>Inilah gambaran singkat tentang salah satu sudut Kota Palembang sekarang, Palembang kota kuno yang merupakan kota tertua di Indonesia sudah sewajarnya kota ini menghargai semua peninggalan bersejarah yang ada di dalamnya, potensi sejarah yang besar merupakan salah satu modal bagi Kota Palembang untuk menjadi tempat wisata andalan di Indonesia.</p>\r\n\r\n<p><strong>Wisata</strong></p>\r\n\r\n<p>Taman Kambang Iwak Besak ini adalah tempat favorit bagi warga kota Palembang sebagai jogging track dengan mengelilingi kolam sepanjang 815 meter. Tidak hanya anak-anak muda yang gemar berjogging disini, baik orang dewasa, sampai manula pun banyak yang terlihat bersemangat untuk berolahraga, apalagi di hari sabtu dan minggu, akan sangat ramai oleh orang-orang yang ingin berolahraga.</p>\r\n\r\n<p>Di bagian KIF Park juga menyediakan tempat untuk outbound dan flying fox bagi anak-anak, sayangnya saat ini sedang direncanakan renovasi, sehingga fasilitas penunjang belum beroperasi.</p>\r\n\r\n<p>Saat weekend di sore hari, banyak anak-anak muda dari berbagai club berkumpul di tempat ini, karena lokasi yang asri dan strategis, belum lagi banyak caf&eacute;/restoran yang bisa digunakan tak sekedar makan, tapi juga bisa menjadi tempat nongkrong untuk mengisi acara akhir pekan mereka.</p>\r\n\r\n<p>Tak hanya itu, bagi anda pecinta internet gratis, bisa menggunakan hotspot di taman ini, tepatnya di cyber park KI, mudah dikenali dengan tempat duduk besar dan melingkar berwarna hijau.</p>\r\n\r\n<p>Tak salah bila Kementerian Lingkungan Hidup pada 2008 serta 2010 lalu menobatkan Kambang Iwak sebagai Taman Kota Terbaik di Indonesia. Dalam kunjungan nya akhir pekan lalu, Menteri Lingkungan Hidup Balthasar Kambuaya tak luput mengacungkan kedua jempolnya saat ditanya keasrian Kambang Iwak. Ia pun sempat menanam pohon terembesi serta memberi pakan ikan di kolam seluas sekitar 5 hektare itu.</p>\r\n\r\n<p><strong>Akomodasi</strong></p>\r\n\r\n<p>Untuk bisa sampai ke Kambang Iwak Besak, anda bisa memilih sendiri ingin menggunakan alat transportasi apa, jika anda ingin membawa mobil atau motor sendiri, ada baiknya jika anda masuk ke kawasan Kambang Iwak Besak melalui Jalan Thamrin, selain tempat untuk parkir kendaraan disana cukup luas, disana juga tempat teraman untuk meninggalkan kendaraan anda, karena tepat berada didepan rumah Walikota Sumatera Selatan.</p>\r\n\r\n<p>Untuk menuju kesana anda bisa menggunakan Transmusi dengan jurusan atau rute Sako &ndash; PIM, atau dari rute Plaju &ndash; PS.Mall tetapi berhenti di halte pasar gubah, dengan hanya membayar ongkos sebesar Rp 4.000 per orang dari semua jurusan, harga yang sesuai untuk fasilitas kenyamanan yang ditawarkan Transmusi kepada para penumpang.</p>\r\n\r\n<p>Anda juga bisa pergi kesana menggunakan angkutan umum dengan biaya Rp 2.500 per orang, beberapa di antaranya adalah jurusan Bukit besar, Sekip, dan Kilometer 5 (Km5), bila anda memilih angkutan umum dengan jurusan tersebut maka anda bisa berhenti tepat di Kambang Iwak besar tersebut. Tetapi jika anda naik angkutan umum jurusan lain, maka anda bisa berhenti di simpang empat lampu merah jalan merdeka, dan sedikit berjalan kaki dari samping bekas gedung museum tekstil hingga ke Kambang Iwak Besak. Hitung-hitung sebagai olahraga tambahan untuk anda.</p>\r\n\r\n<p><strong>Tips:</strong></p>\r\n\r\n<p>1. Berkunjunglah pada pagi dan sore hari, dimana cuaca tidak terlalu terik untuk berolahraga ataupun hanya untuk sekedar bersantai.</p>\r\n\r\n<p>2. Patuhi peraturan yang ada untuk tidak memancing di kawasan tersebut karena anda akan dikenakan denda Rp 5.000.000 atau hukuman 3 tahun penjara.</p>\r\n\r\n<p>3. Buanglah sampah pada tempatnya dan buang pada kotak yang sesuai dengan jenis sampah tersebut, apakah sampah beracun, sampah kering, atau sampah basah.</p>\r\n\r\n<p>4. Jangan mencoret-coret bangunan yang ada disana, ataupun membuang sampah ke dalam danau buatan tersebut selain mencemari danau, juga merusak habitat ikan yang di pelihara di sana.</p>\r\n\r\n<p>5. Jika ingin ikut senam, datanglah minggu pagi. Setiap minggu pasti di adakan senam yang beragam tiap minggunya. Sedangkan jika ingin melihat acara-acara seperti konser musik, salah satu caf&eacute; disini, biasa mengadakannya pada sabtu sore.</p>\r\n', '1', 1, '2015-06-07'),
(44, 'Monpera', '2015-06-07', 'admin', 'Monpera, merupakan sebuah monument yang menyimpan berbagai cerita, gambaran serta peralatan yang dipakai ketika perang Lima Hari Lima Malam di Palembang. Gedung ini berdiri kokoh di pusat kota Palembang,tidak jauh dari Jembatan Ampera yang merupakan lambang kota ini', '<p><strong>Monpera</strong>, merupakan sebuah monument yang menyimpan berbagai cerita, gambaran serta peralatan yang dipakai ketika perang Lima Hari Lima Malam di Palembang. Gedung ini berdiri kokoh di pusat kota Palembang, tidak jauh dari Jembatan Ampera yang merupakan lambang kota ini.</p>\r\n\r\n<p><strong>Sejarah Singkat</strong></p>\r\n\r\n<p>Perang Lima Hari Lima Malam yang terjadi pada tanggal 1 Januari 1947 menorehkan sejarah besar di kota ini, dimana pada masa peperangan itu melibatkan seluruh rakyat untuk melawan penjajahan Belanda. Untuk mengenang para pejuang dan rakyat yang ikut berperang pada masa itu di bangunlah sebuah monumen yang sesuai sejarahnya di namai &lsquo;Monumen Perjuangan Rakyat (Monpera)&rsquo;.</p>\r\n\r\n<p><strong>Lokasi dan Akomodasi</strong></p>\r\n\r\n<p>Karena lokasinya yang terletak di pusat kota, maka sangat tidak sulit untuk menemukan lokasi Monpera, lokasinya di Jl.Merdeka, tepat di depan Masjid Agung. Hampir semua angkutan umum yang melewati Jembatan Ampera bisa mangantar anda menuju monumen ini. Jika menggunakan angkot atau bis kota, ongkos yang harus anda keluarkan adalah Rp. 2500, sedangkan untuk kenyamanan dan keamanan dalam transportasi, anda bisa menggunakan bis transmusi jurusan ampera &ndash; alang alang lebar atau ampera &ndash; plaju dengan biaya Rp. 4000, turun di halte yang terletak di bawah Jembatan Ampera dan di lanjutkan dengan sedikit berjalan kaki menuju Monpera. Tetapi, jika anda tidak ingin repot berjalan, anda bisa melanjutkan perjalanan di transmusi menuju halte Monpera, sayangnya, anda harus membayar lagi sejumlah Rp. 4000, karena ampera merupakan halte terakhir.</p>\r\n\r\n<p><strong>Wisata</strong></p>\r\n\r\n<p>Ketika tiba di gerbang masuk Monpera, anda akan dikenakan biaya Rp. 1000/orang untuk masuk ke taman, sedangkan untuk masuk ke gedung monumen, anda akan dikenakan biaya lagi sebesar Rp. 2000 untuk dewasa atau mahasiswa, dan Rp.1000 untuk pelajar sekolah dan anak-anak. Monpera buka setiap hari selasa-jum&rsquo;at jam 08:00-15:30, sedangkan hari sabtu-minggu, buka dari jam 09:00-15:30. Hari senin dan libur nasional, monumen tidak dapat dikunjungi karena tutup.<br />\r\nMonumen ini memiliki 6 lantai, dimana lantai yang bernilai ganjil memiliki ruang yang lebih luas dan secara sekilas memiliki 5 ruang yang bisa kita kunjungi. Sedangkan di lantai yang bernilai genap, hanya ada satu ruangan kecil, dan tangga menuju atas.</p>\r\n\r\n<p><strong>Tips</strong></p>\r\n\r\n<p>Ada beberapa hal yang yang perlu di perhatikan saat mengunjungi monpera, di antaranya:</p>\r\n\r\n<p>1. Hindari berkunjung sendiri, karena monumen biasanya sangat sepi, dikhawatirkan terjadi hal-hal yang tidak diinginkan jika ada pengunjung lain yang berniat jahat karena, petugas monumen hanya ada di lantai bawah/pertama.</p>\r\n\r\n<p>2. Datanglah agak pagi, jika ingin menikmati view kota Palembang dari atap Monpera, karena cuaca belum terlalu panas.</p>\r\n\r\n<p>3. Berhati-hatilah saat naik/turun tangga menuju atap, karena anak tangga sangat kecil dan curam.</p>\r\n\r\n<p>4. Jika mengunjungi Monpera, sempatkan waktu untuk menuju Museum SMB II yang terletak di belakangnya, keluarlah dari pagar belakang dan masuk ke pagar belakang museum.</p>\r\n\r\n<p>5. Jika anda takut ketinggian, sebaiknya tidak naik ke atap, karena lantai di atap cukup miring, walaupun sudah dipagar, tapi tetap membuat pusing bagi anda yang takut.</p>\r\n', '1', 3, '2015-06-07'),
(45, 'Pulau Kemaro', '2015-06-07', 'admin', 'Pulau Kemaro – adalah sebuah delta yang terbentuk di tengah sungai musi. Dalam legenda masyarakat setempat, pulau ini merupakan makam Putri dari kerajaan Sriwijaya, Siti Fatimah dan suaminya yang berasal dari Tiongkok. ', '<p><strong>Pulau Kemaro </strong>&ndash; adalah sebuah delta yang terbentuk di tengah sungai musi. Dalam legenda masyarakat setempat, pulau ini merupakan makam Putri dari kerajaan Sriwijaya, Siti Fatimah dan suaminya yang berasal dari Tiongkok. Di pulau ini biasanya sangat ramai pada saat perayaan besar masyarakat Cina, misalnya Imlek.</p>\r\n\r\n<p><strong>Sejarah Singkat</strong></p>\r\n\r\n<p>Menurut legenda, asal Pulau Kemaro ini bermula dari kisah pasangan Siti Fatimah dan pemuda dari Tiongkok yang tenggelam di sungai musi karena sang suami kecewa, 7 guci yang menjadi mas kawin mereka hanya berisi sayuran busuk. Karena merasa sangat malu, ia membuang guci-guci itu dari atas kapal. Tapi saat guci terakhir tak sengaja pecah di kapal, isi guci itu adalah emas dan perhiasan mewah. Sayur-sayuran tersebut hanya untuk menjaga agar tidak di curi bajak laut.</p>\r\n\r\n<p>Setelah mengetahui hal tersebut, sang suami menyesal, lalu nekat terjun bersama seorang prajurit untuk mencari guci-guci itu, tetapi kedua orang ini tak juga muncul, karena khawatir, akhirnya di susul oleh istrinya dan ternyata bernasib sama. Beberapa tahun kemudian, muncul gundukan tanah di tempat mereka tenggelam, yang saat ini dikenal dengan Pulau Kemaro.</p>\r\n\r\n<p><strong>Akomodasi</strong></p>\r\n\r\n<p>Untuk menuju pulau ini, anda harus menempuh perjalanan dengan alat transportasi air. Anda bisa memilih naik speedboat atau naik gethek, biasa di sebut ketek oleh masyarakat setempat. Sebelum menaiki alat transportasi tersebut, anda harus menuju ke dermaga terlebih dahulu. Ada beberapa pilihan dermaga yang bisa anda tuju, di antaranya dermaga di Benteng Kuto Besak (BKB), yang tidak jauh dari pusat kota. Anda bisa naik segala jenis angkot yang memiliki jurusan ke Ampera. Berhenti di bawah Jembatan Ampera, lalu berjalan menuju Benteng Kuto Besak. Tidak jauh setelah memasuki pagar BKB yang berwarna hijau, di sebelah kiri anda akan melihat sebuah dermaga. Di sanalah anda akan menemukan beberapa ketek atau speedboat yang akan mengantar anda ke Pulau Kemaro.</p>\r\n\r\n<p>Jika anda memilih ketek, perjalanan sekitar 40-50 menit. Pemandangan di bantaran sungai musi akan memberikan kesan tersendiri bagi anda. Tapi jika anda menggunakan speedboat perjalanan akan lebih cepat, yakni sekitar 20 menit. Untuk ongkosnya, anda harus pintar bernego di sana. Biasanya penumpang di kenakan biaya Rp. 60000-Rp. 75000 (PP), anda bisa meminta nomor telpon pemilik ketek/speedoat untuk meminta di jemput kembali. Tapi hati-hati dengan calo, bisa-bisa anda dikenakan tarif hingga ratusan ribu, jadi bicarakanlah langsung pada pemilik ketek/speedboat tersebut.</p>\r\n\r\n<p>Selain dari dermaga di BKB, anda bisa menuju dermaga di komperta, Plaju yang merupakan komplek perumahan pertamina. Untuk menuju kesana, bisa naik angkot Ampera-Plaju dengan ongkos Rp. 2500, tetapi untuk masuk perumahan tersebut anda harus melanjutkan dengan jalan kaki, atau mencari ojek dengan ongkos sebesar Rp. 5000. Dari dermaga ini, anda hanya akan menemukan ketek dengan tarif Rp. X (PP), dengan jarak tempuh yang lebih singkat, kurang lebih 10 menit.</p>\r\n\r\n<p><strong>Wisata</strong></p>\r\n\r\n<p>Di Pulau ini, ada beberapa makam yang berada di dalam sebuah rumah bergaya arsitektur Cina. Selain itu, ada sebuah pagoda tertinggi di Palembang dengan 9 lantai dan tingginya sekitar 40 meter. Biasanya banyak warga Cina di Palembang ataupun dari Luar Kota yang datang kesini, terutama pada hari-hari besar. Tapi tak hanya warga Cina, banyak juga masyarakat non-Cina yang biasa berekreasi disini. Biasanya untuk piknik bersama keluarga ataupun kerabat.</p>\r\n\r\n<p>Tak jarang terlihat pasangan yang datang ke sini, karena ada sebuah pohon beringin yang sudah tua, mitosnya, siapa yang menuliskan namanya dan pasangannya di pohon itu, maka besar kemungkinan mereka berjodoh. Sayangnya, hal ini membuat pohon tersebut terlihat sangat kotor, sehingga pemerintah menuliskan larangan untuk mencoreti pohon, dan saat ini pohon tersebut sudah dipagar agar tidak ada yang masuk mendekati pohon.</p>\r\n\r\n<p>Beberapa patung budha dan patung yang menempel di dinding, menggambarkan tokoh Tom Sam Chong dan anak-anak buahnya juga menghiasi suasana di pulau ini. Tak hanya itu, di bagian agak ke belakang dari pagoda, kita juga bisa menemukan patung 2 ekor panda.</p>\r\n\r\n<p>Di pinggiran pulau, biasa di jumpai orang-orang yang memancing di sini. Sehingga membuat kegiatan para pengunjung di pulau Kemaro cukup beragam.</p>\r\n\r\n<p><strong>Tips</strong></p>\r\n\r\n<p>Walaupun Pulau Kemaro merupakan salah satu tempat wisata favorit masyarakat, sayangnya ada beberapa kendala yang cukup mengganggu aktivitas liburan anda jika tidak di hindari. Beberapa di antaranya adalah :</p>\r\n\r\n<p>1. Jika anda datang dari pagi hingga siang dan bermaksud untuk makan di Pulau ini, carilah makanan yang cukup mengenyangkan sebelum menuju pulau. Karena para penjual makanan di sini hanya menjual beberapa makanan ringan dan minuman.</p>\r\n\r\n<p>2. Usahakan jika anda perlu untuk buang air kecil/besar, selesaikanlah sebelum menuju ke pulau. Karena, WC umum yang ada di sana, seringkali tidak ada air.</p>\r\n\r\n<p>3. Hindari calo dalam memilih alat transportasi air.</p>\r\n\r\n<p>4. Jika anda tipe-tipe mabuk laut, menyebranglah dari komperta. Tapi jika anda tidak mudah mabuk, cobalah naik dari BKB, karena panorama suasana sungai musi sangat indah.</p>\r\n\r\n<p>5. Jangan lupa minta kontak atau nomor telepon pemilik ketek/speedboat untuk mempermudah anda kembali ke darat, lagi juga biayanya biasanya lebih murah. Tapi jika anda lupa jangan khawatir, anda bisa titip pesan ke tukang ketek/speedboat yang mengangkut penumpang lain untuk mengirimkan angkutan untuk anda.</p>\r\n', '1', 0, '0000-00-00'),
(47, 'Masjid Agung Palembang', '2015-06-07', 'admin', 'Masjid Agung Palembang – adalah pusat dari kota Palembang, kota nya Wong Kito Galo. Mengapa disebut sebagai pusat dari kota Palembang? Itu dikarenakan masjid agung yang besar, megah, dan kokoh ', '<p>Masjid Agung Palembang &ndash; adalah pusat dari kota Palembang, kota nya Wong Kito Galo. Mengapa disebut sebagai pusat dari kota Palembang? Itu dikarenakan masjid agung yang besar, megah, dan kokoh ini terletak di persimpangan Jalan Merdeka dan Jalan Jendral Sudirman, persisnya berada di kelurahan 19 ilir Palembang.</p>\r\n\r\n<p>Masjid ini adalah masjid terbesar dan tertua di kota Palembang, apalagi jika hari raya idul fitri dan idul adha, jalan disekitaran masjid ini pasti akan di tutup karena padatnya jemaat yang memilih sholat disana.</p>\r\n\r\n<p>Tidak hanya itu, setiap bulan Ramadhan tiba, para pengurus masjid disana selalu menyediakan makanan berbuka puasa kepada setiap jemaat yang datang kesana sebelum magrib tiba. Namun, tidak hanya para pengurus masjid saja yang selalu menyediakan santapan berbuka seperti itu, terkadang ada beberapa orang yang sengaja hendak bersedekah yang menyiapkan semuanya di bantu oleh para penguruh Masjid Agung Palembang.</p>\r\n\r\n<p><strong>Lokasi dan Akomodasi</strong></p>\r\n\r\n<p>Untuk menuju ke Masjid Agung ini, anda bisa menentukan sendiri ingin menggunakan akomodasi apa. Bisa kendaraan pribadi sendiri ataupun menggunakan kendaraan umum. Jika anda membawa kendaraan sendiri ada baiknya anda datang langsung dari arah Jembatan Ampera, karena selain tidak perlu lagi memutar untuk parkir, anda juga dapat melihat keindahan bangunan masjid agung ini dari depan.</p>\r\n\r\n<p>Untuk bisa sampai ke masjid agung ini, selain menggunakan kendaraan pribadi, anda juga bisa menggunakan angkutan kota (angkot) dan juga bis kota dari semua jurusan atau rute. Karena semua bis kota di kota Palembang ini rutenya selalu melintasi masjid agung ini. Antara lain bis kota jurusan Plaju-Perumnas, Kertapati-Perumnas, Ampera-Bukit besar dan masih banyak yang lain nya, dengan biaya ongkos Rp 2.500 untuk semua jurusan atau rute.</p>\r\n\r\n<p>Ada pula angkutan kota yang beroperasi di seputaran masjid agung ini, anda bisa menggunakan semua angkutan kota yang salah satu rute nya jurusan &ldquo;Ampera&rdquo;. Antara lain angkutan kota jurusan Ampera-Perumnas, Ampera-Lemabang, Ampera bukit besar, dan masih banyak lagi. Karena setiap angkutan kota yang menuju ampera sudah pasti melintas didepan masjid agung ini. Biaya ongkos dari angkutan kota ini sama saja dengan biaya ongkos dari bis kota yang telah kita bahas tadi yaitu Rp 2.500 per orang.</p>\r\n\r\n<p>Namun, jika anda menginginkan sebuah kenyamanan, anda bisa menggunakan Transmusi untuk menuju ke Masjid Agung ini. Dengan rute Ampera-Alangalang Lebar atau rute Plaju-Palembang Square (PS Mall). Hanya dengan biaya ongkos Rp 4.000 per orang dari semua rute atau jurusan. Harga yang sesuai untuk fasilitas kenyamanan yang ditawarkan Transmusi kepada para penumpang.</p>\r\n\r\n<p><strong>Tips berkunjung ke Masjid Agung Palembang</strong></p>\r\n\r\n<p>1. Berhubung ini adalah tempat ibadah, maka jagalah kebersihan dan selalu membuang sampah pada tempatnya, jagalah kenyamanan jemaah yang ada di dalamnya .</p>\r\n\r\n<p>2. Berkunjunglah pada malam hari, dimana pada saat itu lampu-lampu di masjid agung sedang hidup, itu dapat menambah keindahan bangunan masjid tersebut di tambah dengan kombinasi air mancur yang sangat indah.</p>\r\n\r\n<p>3. Jika anda hanya ingin berkunjung, hindari hari jum&rsquo;at atau hari besar islam. Karena sudah pasti di samping masjid ini jalanan macet karena sangat ramai.</p>\r\n', '1', 1, '2015-06-07'),
(49, 'Benteng Kuto Besak', '2015-06-07', 'admin', 'Benteng Kuto Besak – adalah salah satu objek wisata yang terkenal di Palembang, karena dari tempat inilah kita bisa menikmati indahnya Jembatan Ampera yang menjadi ikon kota ini.', '<p><strong>Benteng Kuto Besak </strong>&ndash; adalah salah satu objek wisata yang terkenal di Palembang, karena dari tempat inilah kita bisa menikmati indahnya Jembatan Ampera yang menjadi ikon kota ini. Menurut hasil pengamatan, sebagian besar dari wisatawan yang berkunjung ke kota pempek ini, tempat pertama yang ingin mereka kunjungi adalah Benteng Kuto Besak, atau yang lebih dikenal dengan sebutan BKB. Mau tahu kenapa? Hmm..kenapa anda tidak coba datang langsung saja ke lokasi tersebut, agar anda bisa melihat sendiri bagaimana indahnya panorama matahari terbenam dari sana. Bahkan ada juga segelintir anak-anak yang tinggal di dekat sana datang ke benteng itu untuk bermain bola, atau pun berenang di sungai musi, tentunya haruslah benar-benar mahir karena sungai ini cukup dalam.</p>\r\n\r\n<p><strong>Sejarah singkat</strong></p>\r\n\r\n<p>Benteng Kuto Besak merupakan bangunan peninggalan sejarah pada masa Kesultanan Palembang Darussalam. Benteng ini dibangun selama 17 tahun, pembangunan tersebut di mulai pada abad ke-17 Masehi (sekitar tahun 1780) Pemprakarsa pembangunan benteng ini adalah Sultan Mahmud Badaruddin I (1724 &ndash; 1758) dan pembangunannya dilaksanakan oleh Sultan Muhammad Bahauddin yang merupakan putra dari Sultan Mahmud Badaruddin I.<br />\r\nBenteng ini mempunyai ukuran panjang 188,75 meter, lebar 183,75 meter dan tinggi 9,99 meter (30 kaki) serta tebal 1,99 meter (6 kaki). Tempat yang menjadi objek wisatanya bertempat di depan benteng, karena di dalam benteng ditempati oleh Komando Daerah Militer (Kodam) Sriwijaya.</p>\r\n\r\n<p><strong>Lokasi dan Akomodasi</strong></p>\r\n\r\n<p>Kalau kita bicara tentang akomodasi, hal itu bukanlah sebuah masalah besar, karena hampir semua angkutan umum di kota Palembang ini menuju Ampera sebagai tujuan terakhirnya, meski ada beberapa angkutan yang tidak menuju kesana. Dimana pun lokasi anda, baik dari daerah Perumnas (sako), Lemabang, Sekip, Pakjo, Bukit, Plaju, sampai KM5 anda tinggal naik angkutan umum dengan tujuan &ldquo;Ampera&rdquo; dan ongkos sebesar Rp 2.500, maka anda akan berhenti jika sudah sampai tepat di bawah Jembatan Ampera yang megah dan kokoh tersebut, selanjutnya hanya sedikit berjalan kaki dari bawah Jembatan Ampera dan anda akan sampai ke lokasi tujuan anda yaitu Benteng Kuto Besak (BKB).</p>\r\n\r\n<p>Bagi anda yang berada di daerah Km12 tidak perlu bingung bagaimana caranya ke BKB, anda cukup naik bus kota dengan jurusan KM12 &ndash; Terminal Karya jaya, dengan ongkos yang sama tentunya, tetapi jangan lupa untuk berhenti di depan Jembatan Ampera, tepatnya disamping Masjid Agung, karena tidak mungkin anda berhenti tepat depan jembatan itu karna akan melanggar tata tertib dan juga melanggar aturan lalu lintas disana, anda juga tidak mungkin turun dibawah jembatan tersebut seperti saat anda naik angkutan umum, karna bus tersebut akan langsung naik ke atas jembatan untuk menyebrang. Sekedar mengingatkan, ada baiknya anda tidak mengeluarkan handphone saat berada di dalam bus kota, karna sedikit kurang aman mengingat adanya peluang terjadi tindakan kriminal di dalam bus.</p>\r\n\r\n<p>Mengulas tentang keamanan, ada baiknya jika anda memakai Bus Transmusi untuk menuju ampera, meski tarifnya sedikit lebih mahal dari bus biasa, tetapi hanya dengan membayar Rp 4.000 anda sudah bisa mendapatkan kenyamanan dan keamanan dalam perjalanan anda. Karena Bus yang berada dibawah naungan Pemerintah Daerah (Pemda) tersebut memberikan fasilitas AC sehingga anda tidak akan kepanasan jika matahari sedang terik-teriknya.</p>\r\n', '1', 4, '0000-00-00'),
(50, 'Bukit Siguntang', '2015-06-07', 'admin', 'Bukit Siguntang, merupakan salah satu objek wisata yang mengandung nilai historis yang tinggi. Dengan ketinggian 29-30 meter di atas permukaan laut, bukit ini menjadi tanah tertinggi di kota Palembang.', '<p><strong>Bukit Siguntang</strong>, merupakan salah satu objek wisata yang mengandung nilai historis yang tinggi. Dengan ketinggian 29-30 meter di atas permukaan laut, bukit ini menjadi tanah tertinggi di kota Palembang. Jika berwisata ke kota ini, kurang lengkap rasanya jika tidak mengunjungi salah satu tempat bersejarah dari Kerajaan Sriwijaya, terutama bagi anda yang mencintai sejarah.</p>\r\n\r\n<p>Sejarah Singkat</p>\r\n\r\n<p>Palembang diperkirakan sebagai pusat kerajaan Sriwijaya karena ditemukan banyak artefak kerajaan di beberapa situs di kota ini. Posisi pastinya memang belum di ketahui, tetapi kuat kemungkinan berada di sekitar kaki Bukit Siguntang karena di sekitar bukit inilah banyak ditemui beberapa peninggalan-peninggalan seperti prasasti, stupica, arca Budha serta benda-benda bersejarah lainnya.</p>\r\n\r\n<p><strong>Lokasi dan Akomodasi</strong></p>\r\n\r\n<p>Untuk mencapai Bukit Siguntang, tidak terlalu sulit karena terletak di tempat yang cukup strategis dan di pinggir jalan. Tepatnya berada di kelurahan bukit lama, kecamatan Ilir Barat I. Jika memulai perjalanan dari pusat kota (bundaran air mancur), berjalan sedikit ke arah kantor Walikota dimana ada angkutan umum jurusan Ampera-Bukit Besar yang mudah dikenali dengan warna biru, berhenti di depan SMA Negeri 10 dan di lanjutkan sedikit jalan kaki ,atau bisa bilang pada sopirnya untuk langsung ke bukit siguntang, dan anda akan di berhentikan di depan pagar masuk bukit siguntang. Ongkos angkutan umum di Palembang adalah Rp. 2500. Tapi, jika tidak ingin repot, anda bisa langsung naik ojek dengan ongkos sebesar Rp 5000 &ndash; Rp.7000 jika dari pusat kota, minusnya anda harus merogoh kocek lebih banyak, apalagi jika anda tidak sendiri.</p>\r\n\r\n<p><strong>Wisata</strong></p>\r\n\r\n<p>Jalan Ke Puncak Bukit</p>\r\n\r\n<p>Setelah menaiki bukit ini, kita akan menemui beberapa bangunan, diantaranya ada tujuh makam yang di keramatkan yang merupakan makam orang-orang penting di Kerajaan Sriwijaya, ketujuh makam itu adalah :<br />\r\n1. Raja Sigentar Alam<br />\r\n2. Putri Kembang Dadar<br />\r\n3. Panglima Bagus Kuning<br />\r\n4. Panglima Bagus Karang<br />\r\n5. Putri Rambut Selako<br />\r\n6. Pangeran Raja Batu Api<br />\r\n7. Panglima Tuan Djundjungan</p>\r\n\r\n<p>Ketujuh makam ini dibuatkan seperti rumah kecil dan berbeda-beda tiap makam. Di dalam makam sering terlihat banyak peziarah, tapi di antara ketujuh makam itu, yang paling sering di kunjungi para peziarah adalah makam Raja Sigentar Alam dan Putri Kembang Dadar. Selain ketujuh makam itu, ada beberapa makam lain, tapi hanya makam biasa.</p>\r\n', '1', 0, '0000-00-00'),
(52, 'Pempek', '2015-06-07', 'admin', ' Pempek atau Empek-empek adalah makanan khas Palembang yang terbuat dari ikan dan sagu. Sebenarnya sulit untuk mengatakan bahwa pempek pusatnya adalah Palembang karena hampir di semua daerah di Sumatera Selatan memproduksinya.', '<p><strong>Pempek atau Empek-empek </strong>adalah makanan khas Palembang yang terbuat dari ikan dan sagu. Sebenarnya sulit untuk mengatakan bahwa pempek pusatnya adalah Palembang karena hampir di semua daerah di Sumatera Selatan memproduksinya.</p>\r\n\r\n<p>Penyajian pempek ditemani oleh saus berwarna hitam kecoklat-coklatan yang disebut cuka atau cuko (bahasa Palembang)Cuko dibuat dari air yang dididihkan, kemudian ditambah gula merah, udang ebi dan cabe rawit tumbuk, bawang putih, dan garam. Bagi masyarakat asli Palembang, cuko dari dulu dibuat pedas untuk menambah nafsu makan. Namun seiring masuknya pendatang dari luar pulau Sumatera maka saat ini banyak ditemukan cuko dengan rasa manis bagi yang tidak menyukai pedas. Cuko dapat melindungi gigi dari karies (kerusakan lapisan email dan dentin). Karena dalam satu liter larutan kuah pempek biasanya terdapat 9-13 ppm fluor. satu pelengkap dalam menyantap makanan berasa khas ini adalah irisan dadu timun segar dan mie kuning.</p>\r\n\r\n<p>Jenis pempek yang terkenal adalah &quot;pempek kapal selam&quot;, yaitu telur ayam yang dibungkus dengan adonan pempek dan digoreng dalam minyak panas. Ada juga yang lain seperti pempek lenjer, pempek bulat (atau terkenal dengan nama &quot;ada&#39;an&quot;), pempek kulit ikan, pempek pistel (isinya irisan pepaya muda rebus yang sudah dibumbui), pempek telur kecil, dan pempek keriting. Pempek bisa ditemukan dengan sangat mudah di seantero Kota Palembang. Pempek dijual dimana-mana di Palembang, ada yang menjual di restoran, ada yang dipinggir jalan, dan juga ada yang dipikul. Disemua kantin sekolah/tempat kerja/kampus pasti ada yang menjual pempek. Tahun 1980-an, penjual pempek biasa memikul 1 keranjang pempek penuh sambil berkeliling Kota Palembang jalan kaki menjajakan makanannya.</p>\r\n\r\n<p>&nbsp;</p>\r\n', '2', 0, '0000-00-00'),
(53, 'Tekwan', '2015-06-07', 'admin', 'Tekwan, makanan khas Palembang dengan tampilan mirip sup ikan berbahan dasar daging ikan dan sagu yang dibentuk kecil - kecil mirip bakso ikan yang kemudian ditambahkan kaldu udang sebagai kuah, serta soun dan jamur kuping sebagai pelengkap.', '<p><span style="font-family:trebuchet ms,sans-serif"><strong>Tekwan,</strong> makanan khas Palembang dengan tampilan mirip sup ikan berbahan dasar daging ikan dan sagu yang dibentuk kecil - kecil mirip bakso ikan yang kemudian ditambahkan kaldu udang sebagai kuah, serta soun dan jamur kuping sebagai pelengkap.</span></p>\r\n\r\n<p>Perlu diketahui ciri utama tekwan palembang adalah yang berbahan dasar ikan tengiri bukan lainnya. Kekhasan lainnya dari tekwan adalah penggunaan tepung sagu sehingga memunculkan tekstur empuk dan kenyil. Di palembang sendiri banyak ditemukan tekwan berjajaran di pinggir jalan karena memang disana ikan sangat berlimpah.</p>\r\n\r\n<p>Bukan hanya dipalembang ada tekwan namun sekarang sudah banyak ditemukan di semua daerah Indonesia khususnya sudah menyebar di wilayah Jawa. dari pada berlama-lama langsung saja lihat bagaimana proses tekwan dibuat mulai dari pengumpulan bahan hingga cara buat tekwan yang akan dikemas secara mudah.</p>\r\n', '2', 3, '0000-00-00'),
(54, 'Mi celor', '2015-06-07', 'admin', 'Kuliner Palembang tidak hanya identik dengan pempeknya saja, salah satunya adalah Mie Celor. Mie Celor ini sendiri mirip seperti mie rebus, akan tetapi kuahnya kental yang merupakan perpaduan antara udang ,santan dan telur. Mie nya berukuran besar dan lurus seperti spaghetti', '<p>Kuliner Palembang tidak hanya identik dengan pempeknya saja, salah satunya adalah <strong>Mie Celor</strong>. <strong>Mie Celor</strong> ini sendiri mirip seperti mie rebus, akan tetapi kuahnya kental yang merupakan perpaduan antara udang ,santan dan telur. Mie nya berukuran besar dan lurus seperti spaghetti dan disajikan bersama serpihan daging udang, potongan telur rebus dan bawang goreng. Rasanya yang asin dan gurih yang aduhai langsung menyergap disuapan pertama serta aroma udang dan telur begitu terasa. <strong>Rahasia untuk kelezatan Mi Celor</strong> ini terletak pada penggunaan udang sebagai pelezat utama kuah nya. Yaitu pada kaldu udang dan daging udang (terutama udang galah atau udang satang) yang di lembutkan sehingga dapat menghasilkan adonan kuah yang lembut, kental, gurih dan memiliki warna agak kemerah mudaan.</p>\r\n', '2', 37, '2015-06-07'),
(55, 'Kota Palembang', '2015-06-15', 'admin', 'Kota Palembang adalah ibu kota provinsi Sumatera Selatan. Palembang merupakan kota terbesar kedua di Sumatera setelah Medan. Kota Palembang memiliki luas wilayah 358,55 km² yang dihuni 1,7 juta orang dengan kepadatan penduduk 4.800 per km²', '<p><strong>Kota Palembang</strong> adalah ibu kota provinsi <a href="http://id.wikipedia.org/wiki/Sumatera_Selatan" title="Sumatera Selatan">Sumatera Selatan</a>. Palembang merupakan kota terbesar kedua di <a href="http://id.wikipedia.org/wiki/Sumatera" title="Sumatera">Sumatera</a> setelah <a class="mw-redirect" href="http://id.wikipedia.org/wiki/Medan" title="Medan">Medan</a>. Kota Palembang memiliki luas wilayah 358,55 km&sup2;<sup><a href="http://id.wikipedia.org/wiki/Kota_Palembang#cite_note-4">[4]</a></sup> yang dihuni 1,7 juta orang dengan kepadatan penduduk 4.800 per km&sup2;. Diprediksikan pada tahun <a href="http://id.wikipedia.org/wiki/2030" title="2030">2030</a> mendatang Kota ini akan dihuni 2,5 Juta orang.</p>\r\n\r\n<p>Sejarah Palembang yang pernah menjadi ibu kota kerajaan bahari Buddha terbesar di Asia Tenggara pada saat itu, Kerajaan <a href="http://id.wikipedia.org/wiki/Sriwijaya" title="Sriwijaya">Sriwijaya</a>, yang mendominasi <a href="http://id.wikipedia.org/wiki/Nusantara" title="Nusantara">Nusantara</a> dan <a href="http://id.wikipedia.org/wiki/Semenanjung_Malaya" title="Semenanjung Malaya">Semenanjung Malaya</a> pada <a class="mw-redirect" href="http://id.wikipedia.org/wiki/Abad_ke-9" title="Abad ke-9">abad ke-9</a> juga membuat kota ini dikenal dengan julukan &quot;Bumi Sriwijaya&quot;. Berdasarkan <a href="http://id.wikipedia.org/wiki/Prasasti_Kedukan_Bukit" title="Prasasti Kedukan Bukit">prasasti Kedukan Bukit</a> yang ditemukan di <a class="mw-redirect" href="http://id.wikipedia.org/wiki/Bukit_Siguntang" title="Bukit Siguntang">Bukit Siguntang</a> sebelah barat Kota Palembang yang menyatakan pembentukan sebuah wanua yang ditafsirkan sebagai kota pada tanggal <a href="http://id.wikipedia.org/wiki/17_Juni" title="17 Juni">17 Juni</a> <a href="http://id.wikipedia.org/wiki/688" title="688">688</a> Masehi menjadikan kota Palembang sebagai kota tertua di <a href="http://id.wikipedia.org/wiki/Indonesia" title="Indonesia">Indonesia</a>. Di <a href="http://id.wikipedia.org/wiki/Dunia_Barat" title="Dunia Barat">dunia Barat</a>, kota Palembang juga dijuluki <em>Venice of the East</em> (&quot;Venesia dari Timur&quot;).<a href="http://id.wikipedia.org/wiki/Jembatan_Ampera" title="Jembatan Ampera">Jembatan Ampera</a>, ikon Kota Palembang.Saat ini Wali Kota Palembang dijabat oleh H. Romi Herton, SH, MH dan H. Harnojoyo, S.Sos.<sup><a href="http://id.wikipedia.org/wiki/Kota_Palembang#cite_note-5">[5]</a></sup></p>\r\n\r\n<p>Kota ini dianggap sebagai salah satu pusat dari kerajaan <a href="http://id.wikipedia.org/wiki/Sriwijaya" title="Sriwijaya">Sriwijaya</a>,<sup><a href="http://id.wikipedia.org/wiki/Kota_Palembang#cite_note-Munoz-6">[6]</a></sup> Serangan <a class="mw-redirect" href="http://id.wikipedia.org/wiki/Rajendra_Chola" title="Rajendra Chola">Rajendra Chola</a> dari <a href="http://id.wikipedia.org/wiki/Kerajaan_Chola" title="Kerajaan Chola">Kerajaan Chola</a> pada tahun 1025, menyebabkan kota ini hanya menjadi pelabuhan sederhana yang tidak berarti lagi bagi para pedagang asing.<sup><a href="http://id.wikipedia.org/wiki/Kota_Palembang#cite_note-Munoz-6">[6]</a></sup></p>\r\n\r\n<p>Selanjutnya berdasarkan kronik Tiongkok nama Pa-lin-fong yang terdapat pada buku Chu-fan-chi yang ditulis pada tahun 1178 oleh Chou-Ju-Kua dirujuk kepada Palembang.<sup><a href="http://id.wikipedia.org/wiki/Kota_Palembang#cite_note-7">[7]</a></sup><sup><a href="http://id.wikipedia.org/wiki/Kota_Palembang#cite_note-8">[8]</a></sup></p>\r\n\r\n<p>Berdasarkan kisah Kidung Pamacangah dan <a href="http://id.wikipedia.org/wiki/Babad_Arya_Tabanan" title="Babad Arya Tabanan">Babad Arya Tabanan</a> disebutkan seorang tokoh dari Kediri yang bernama <a href="http://id.wikipedia.org/wiki/Arya_Damar" title="Arya Damar">Arya Damar</a> sebagai bupati Palembang turut serta menaklukan <a href="http://id.wikipedia.org/wiki/Bali" title="Bali">Bali</a> bersama dengan <a href="http://id.wikipedia.org/wiki/Gajah_Mada" title="Gajah Mada">Gajah Mada</a> Mahapatih <a href="http://id.wikipedia.org/wiki/Majapahit" title="Majapahit">Majapahit</a> pada tahun 1343.<sup><a href="http://id.wikipedia.org/wiki/Kota_Palembang#cite_note-9">[9]</a></sup></p>\r\n\r\n<p>Kemudian sekitar tahun 1513, Tom&eacute; Pires seorang <a href="http://id.wikipedia.org/wiki/Apoteker" title="Apoteker">apoteker</a> <a class="mw-redirect" href="http://id.wikipedia.org/wiki/Portugis" title="Portugis">Portugis</a> menyebutkan Palembang,<sup><a href="http://id.wikipedia.org/wiki/Kota_Palembang#cite_note-10">[10]</a></sup> telah dipimpin oleh seorang patih yang ditunjuk dari Jawa yang kemudian dirujuk kepada <a href="http://id.wikipedia.org/wiki/Kesultanan_Demak" title="Kesultanan Demak">kesultanan Demak</a> serta turut serta menyerang <a class="mw-disambig" href="http://id.wikipedia.org/wiki/Malaka" title="Malaka">Malaka</a> yang waktu itu telah dikuasai oleh Portugis.</p>\r\n\r\n<div class="thumb tright">\r\n<div class="thumbinner" style="width:222px;"><a class="image" href="http://id.wikipedia.org/wiki/Berkas:Bird%27s_eye_view_of_Palembang.JPG"><img alt="" class="thumbimage" src="http://upload.wikimedia.org/wikipedia/commons/thumb/a/a3/Bird%27s_eye_view_of_Palembang.JPG/220px-Bird%27s_eye_view_of_Palembang.JPG" style="height:163px; width:220px" /></a>\r\n\r\n<div class="thumbcaption">\r\n<div class="magnify">&nbsp;</div>\r\n</div>\r\n</div>\r\n</div>\r\n\r\n<div class="thumb tright">\r\n<div class="thumbinner" style="width:222px;">\r\n<div class="thumbcaption">Gambar Palembang pada tahun 1659</div>\r\n</div>\r\n</div>\r\n\r\n<p>Palembang muncul sebagai kesultanan pada tahun 1659 dengan Sri Susuhunan Abdurrahman sebagai raja pertamanya.<sup><a href="http://id.wikipedia.org/wiki/Kota_Palembang#cite_note-11">[11]</a></sup> Namun pada tahun 1823 kesultanan Palembang dihapus oleh pemerintah <a class="mw-redirect" href="http://id.wikipedia.org/wiki/Hindia-Belanda" title="Hindia-Belanda">Hindia-Belanda</a>.<sup><a href="http://id.wikipedia.org/wiki/Kota_Palembang#cite_note-12">[12]</a></sup> Setelah itu Palembang dibagi menjadi dua keresidenan besar dan pemukiman di Palembang dibagi menjadi daerah Ilir dan Ulu.</p>\r\n\r\n<p>Pada tanggal 27 September 2005, Kota Palembang telah dicanangkan oleh Presiden RI <a href="http://id.wikipedia.org/wiki/Susilo_Bambang_Yudhoyono" title="Susilo Bambang Yudhoyono">Susilo Bambang Yudhoyono</a> sebagai &quot;Kota Wisata Air&quot; seperti <a href="http://id.wikipedia.org/wiki/Bangkok" title="Bangkok">Bangkok</a> di <a href="http://id.wikipedia.org/wiki/Thailand" title="Thailand">Thailand</a> dan <a href="http://id.wikipedia.org/wiki/Phnom_Penh" title="Phnom Penh">Phnom Penh</a> di <a href="http://id.wikipedia.org/wiki/Kamboja" title="Kamboja">Kamboja</a>. Tahun 2008 Kota Palembang menyambut kunjungan wisata dengan nama &quot;Visit Musi 2008&quot;.</p>\r\n\r\n<p>Palembang baru saja menjadi salah satu kota pelaksana pesta olahraga olahraga dua tahunan se-Asia Tenggara yaitu <a class="mw-redirect" href="http://id.wikipedia.org/wiki/SEA_Games" title="SEA Games">SEA Games</a> XXVII Tahun 2011.</p>\r\n', '1', 2, '2015-06-15'),
(56, 'Kesenian Dul Muluk', '2015-06-15', 'admin', 'Dul Muluk – Merupakan salah satu kesenian teater daerah yang berasal dari warisan budaya Sumatera Selatan. Sempat ada beberapa pendapat yang mengatakan bahwa kesenian khas dari Provinsi Sumatera Selatan ini telah hilang dari masyarakatnya...', '<p>Awal mula kesenian ini muncul di masyarakat adalah dari seorang pedagang keturunan Arab yang bernama Syech Ahmad Bakar atau lebih popular di panggil Wan Bakar yang datang ke Palembang sekitar abad ke-20. Teater tradisional ini menceritakan tentang kisah Abdul Muluk Jauhari yang merupakan anak dari seorang sultan. Awalnya Wan Bakar sering menggelar teater sederhana di dekat rumahnya di Tangga Takat 16 Ulu Palembang. sejak saat itu banyak peminatnya dan mulailah ia diundang untuk mementaskan kesenian Dul Muluk ini di beberapa acara seperti pernikahan, khitanan, syukuran dan beberapa acara lain di Palembang.</p>\r\n\r\n<p>Lama kelamaan, makin banyak yang menyukai teater ini, sehingga bentuk dari kesenian ini makin berkembang dari tahun ke tahun. Mulai dari musik pengiring yang lebih banyak, pemeran yang tidak hanya di perankan oleh Wan Bakar saja, persiapan mulai dari pakaian, make-up dan lain sebagainya, sehingga sudah benar-benar tampak seperti teater.</p>\r\n\r\n<p>Pada tahun 1911, barulah kesenian Dul Muluk ini menggunakan dialog dan diperankan oleh beberapa orang. Sedangkan dulu hanya di perankan oleh Wan Bakar saja. Untuk pertama kalinya dengan dialog, Wan Bakar di bantu oleh beberapa muridnya yang di antaranya adalah Pasirah Nurhasan dan Kamaludin.</p>\r\n\r\n<p>Pementasan Dul Muluk, pertama kali di gelar pada tahun 1910, dan masih merupakan pementasan dengan bentuk yang masih asli hingga pada tahun 1930. Sedangkan pada tahun selanjutnya sudah sedikit tercampur oleh beberapa seniman dan bangsawan dari Jawa. Dul Muluk, mengalami masa kejayaan pada tahun 1960-1970 an, dimana pada masa itu, Dul Muluk sangat diminati dan terlihat dari munculnya puluhan grup Dul Muluk yang sering tampil di beberapa acara hajatan.</p>\r\n', '3', 0, '0000-00-00'),
(58, 'Tari Gending Sriwijaya', '2015-06-15', 'admin', 'Pada acara penyambutan, Tarian Gending Sriwijaya ini biasanya dilakukan oleh 9 penari wanita yang masih muda dan tentu saja cantik – cantik, yang memakai pakaian Adat Aesan Gede, Selendang Mantri, paksangkong, Dodot dan ada seorang penari ...', '<p>Pada acara penyambutan, Tarian Gending Sriwijaya ini biasanya dilakukan oleh 9 penari wanita yang masih muda dan tentu saja cantik &ndash; cantik, yang memakai pakaian Adat Aesan Gede, Selendang Mantri, paksangkong, Dodot dan ada seorang penari yang membawa Tanggai / Tepak, biasanya penari utama yang mendapat bagian ini. Mereka ber- sembilan adaah penari inti dari Tarian Gending Sriwijaya ini yang umumnya selalu dikawal oleh tiga penari pria lainnya yang mana dua orang bertugas membawa tombak dan satu orang membawa payung. Sedang di barisan belakang sekali terdapat seseorang yang bertugas sebagai penyanyi Gending Sriwijaya.</p>\r\n\r\n<p>Akan tetapi, di jaman sekarang ini peran penyanyi dan pemain alat musik pengiring sudah lebih sering digantikan dengan tape recorder, bukan diiingi oleh gamelan dan gong. Mungkin dikarenakan tidak mudah, dan cukup melelahkan untuk menyanyikan Lagu dan memainkan alat musik penggiring lagu Gending Sriwijaya itu terus menerus, jadi banyak masyarakat jaman sekarang yang memilih praktisnya saja. Penari utama yang berada pada barisan paling depan akan membawa tepak sebagai Sekapur Sirih yang dipersembahkan pada tamu istimewa yang datang berkunjung, Sebenarnya bila menurut sejarah, Persembahan Sekapur Sirih yang di persembahkan kepada tamu ini biasanya akan dilakukan oleh Seorang putri, Sultan atau bangsawan.</p>\r\n\r\n<p>Tarian Gending Sriwijaya ini dulunya selalu digelar pada acara penyambutan para tamu agung atau tamu &ndash; tamu istimewa yang datang bekunjung ke kota Palembang tersebut, contohnya seerti kepala negara Republik Indonesia yaitu presiden kita, para menteri &ndash; menteri kabinet, kepala negara yang datang dri negara tetangga, ataubisa juga duta-duta besar Negara atau yang yang kira &ndash; kira memiliki kedudukan penting yang setara dengan yang sudah saya contohkan itu. Untuk menyambut para tamu penting yang datang berkunjung tersebut pastilah pemerintah kota Palembang ini selalu menggelar acara penyambutan yang menampilkan suatu tarian tradisional kota Palembang yang salah satunya adalah Tarian Gending Sriwijaya itu sendiri.</p>\r\n\r\n<p>Sampai hari ini masih banyak sebagian besar dari kita sebagai masyarakat Sumatera Selatan, khususnya yang berada tepat di kota palembang yang masih tetap salah dalam memaknai dan memahami arti sejarah sesungguhnya yang di ekpresikan lewat tari Gending Sriwijaya tersebut.</p>\r\n\r\n<p>Seperti yang sebagian bsar orang &ndash; orang bilang bahwa tari Gending Sriwijaya itu adalah tari sakral pada masa kerajaan Sriwijaya, dan Tarian Gending Sriwijaya ini sudah ada dan digunakan dalam penyambutan pada masa kejayaan kemaharajaan Sriwijaya di Kota Palembang sumatera selatan yang mencerminkan sikap dari tuan rumah yang ramah, gembira dan bahagia, tulus dan terbuka terhadap setiap tamu yang agung dan istimewa itu, atau bisa disebut kalau tari Gending Sriwijaya itu merupakan tarian yang sangat sakral bagi masyarakat Sumatra Selatan, tetapi mengingat kesakralannya, ada baiknya jika tarian Gending Sriwijaya itu sendiri tidak ditampilkan atau di gelar pada alam terbuka.</p>\r\n', '3', 1, '0000-00-00'),
(59, 'plaju', '2015-06-15', 'admin', 'ekauwehkauhkuahskduhakusdhkausdakjsdhkajsdhkjashdkajdh kiawueg kauwge kaugw ekuawge kauwge kuagwakwje hkajwe awe awkej hakwje hakwjeh kajweh kajweh kajweh kajwhek jawhek jahwke jhakwjeh akwjeh kawjekjweh kajweh kajweh kjaewh kajwhe kjawhe kjq', '<p>ekauwehkauhkuahskduhakusdhkausdakjsdhkajsdhkjashdkajdh kiawueg kauwge kaugw ekuawge kauwge kuagwakwje hkajwe awe awkej hakwje hakwjeh kajweh kajweh kajweh kajwhek jawhek jahwke jhakwjeh akwjeh kawjekjweh kajweh kajweh kjaewh kajwhe kjawhe kjq</p>\r\n', '1', 0, '0000-00-00');

-- --------------------------------------------------------

--
-- Table structure for table `gambar`
--

CREATE TABLE IF NOT EXISTS `gambar` (
`id_gambar` int(11) NOT NULL,
  `id_artikel` int(100) NOT NULL,
  `nama_gambar` varchar(100) NOT NULL,
  `active` enum('0','1') NOT NULL
) ENGINE=InnoDB AUTO_INCREMENT=21 DEFAULT CHARSET=latin1;

--
-- Dumping data for table `gambar`
--

INSERT INTO `gambar` (`id_gambar`, `id_artikel`, `nama_gambar`, `active`) VALUES
(5, 40, 'ampera.jpg', '0'),
(6, 53, 'tekwan.jpeg', '1'),
(7, 54, 'mie.jpg', '1'),
(8, 52, 'pempek.jpg', '1'),
(9, 50, 'bukit.jpg', '1'),
(12, 45, 'kemaro.jpg.jpg', '1'),
(13, 47, 'masjid.jpg', '1'),
(14, 49, 'bkb.jpg', '1'),
(15, 41, 'ki.jpg', '1'),
(16, 44, 'mon.jpg', '1'),
(17, 55, 'pal.jpg', '1'),
(18, 56, 'dull.jpg', '1'),
(19, 58, 'gen.jpg', '1'),
(20, 59, 'plaju.jpg', '1');

-- --------------------------------------------------------

--
-- Table structure for table `kategori`
--

CREATE TABLE IF NOT EXISTS `kategori` (
`id_kategori` bigint(20) NOT NULL,
  `kategori` varchar(100) NOT NULL,
  `defin` varchar(100) NOT NULL
) ENGINE=InnoDB AUTO_INCREMENT=4 DEFAULT CHARSET=latin1;

--
-- Dumping data for table `kategori`
--

INSERT INTO `kategori` (`id_kategori`, `kategori`, `defin`) VALUES
(1, 'objek', 'Mengenal objek wisata kota palembang lebih dekat'),
(2, 'kuliner', 'Mencicipi kuliner Khas kota palembang'),
(3, 'kebudayaan', 'Mengenal budaya kota palembang lebih dekat');

-- --------------------------------------------------------

--
-- Table structure for table `komentar`
--

CREATE TABLE IF NOT EXISTS `komentar` (
`id_komentar` int(11) NOT NULL,
  `id_artikel` int(11) NOT NULL,
  `nama` varchar(100) NOT NULL,
  `email` varchar(100) NOT NULL,
  `website` varchar(100) NOT NULL,
  `isi` text NOT NULL,
  `tanggal` date NOT NULL,
  `jam` time NOT NULL,
  `last_tgl` date NOT NULL,
  `last_jam` time NOT NULL
) ENGINE=InnoDB AUTO_INCREMENT=6 DEFAULT CHARSET=latin1;

--
-- Dumping data for table `komentar`
--

INSERT INTO `komentar` (`id_komentar`, `id_artikel`, `nama`, `email`, `website`, `isi`, `tanggal`, `jam`, `last_tgl`, `last_jam`) VALUES
(1, 54, 'abu', 'test@awka', 'lajwheklauhwe', 'ehakjehkajewh', '2015-06-08', '07:21:45', '0000-00-00', '00:00:00'),
(2, 0, 'peta', 'peta@peta', 'peta', 'peta', '2015-06-12', '20:05:49', '0000-00-00', '00:00:00'),
(3, 0, 'id 0', 'id02@asd', 'id -', 'id=0', '2015-06-12', '20:10:29', '0000-00-00', '00:00:00'),
(4, 0, 'test id', 'id@alw', 'liawleij', 'lijealielaiwje\r\n', '2015-06-12', '20:16:06', '0000-00-00', '00:00:00'),
(5, 54, 'awjehkawue', 'kashekuahew@alewihalk', 'hkahwekjawhekjh', 'kejahksjehakwje', '2015-06-15', '17:02:29', '0000-00-00', '00:00:00');

-- --------------------------------------------------------

--
-- Table structure for table `peta`
--

CREATE TABLE IF NOT EXISTS `peta` (
`id_peta` int(11) NOT NULL,
  `nama` varchar(100) NOT NULL,
  `alamat` varchar(100) NOT NULL,
  `latitude` float NOT NULL,
  `longitude` double NOT NULL,
  `data_target` varchar(100) NOT NULL,
  `id_artikel` int(11) NOT NULL
) ENGINE=InnoDB AUTO_INCREMENT=11 DEFAULT CHARSET=latin1;

--
-- Dumping data for table `peta`
--

INSERT INTO `peta` (`id_peta`, `nama`, `alamat`, `latitude`, `longitude`, `data_target`, `id_artikel`) VALUES
(3, 'Jembatan Ampera', 'Jl. H.M. Ryacudu ', -2.99162, 104.7634, 'data1', 0),
(4, 'Benteng Kuto Besak', ' Jl. Sultan Mahmud Badarudin, Kota Palembang, Sumatera Selatan 30113, Indonesia', -2.99194, 104.759243, 'data2', 0),
(5, 'Masjid Agung Palembang', 'Palembang, Kota Palembang, Sumatera Selatan, Indonesia', -2.98791, 104.76025, 'data3', 0),
(6, 'Pulau Kemaro', 'Pulau Kemaro 1 Ilir, Ilir Tim. II, Kota Palembang 30119, Indonesia', -2.97861, 104.8175, 'data4', 0),
(7, 'stadion gelora sriwijaya', 'Jl. Gubernur Hasan Bastari, Palembang, Sumatera Selatan, Indonesia', -3.02142, 104.78914, 'data5', 0),
(8, 'Politeknik negeri Sriwijaya', 'Jalan Srijaya Negara Bukit Besar, Palembang, Sumatera Selatan 30139, Indonesia', -2.98313, 104.73326, 'data6', 0),
(9, 'Taman wisata alam puntikayu', 'Jl. Kol.H.Burlian, kecamatan Sukarami', -2.94352, 104.72545, 'data7', 0),
(10, 'Taman Purbakala Sriwijaya', 'Jalan Syahkakirti, Kelurahan Karang Anyar, Kecamatan Gandus.', -3.01633, 104.734624, 'data8', 0);

-- --------------------------------------------------------

--
-- Table structure for table `user`
--

CREATE TABLE IF NOT EXISTS `user` (
`id` int(11) NOT NULL,
  `username` varchar(100) NOT NULL,
  `password` varchar(100) NOT NULL
) ENGINE=InnoDB AUTO_INCREMENT=2 DEFAULT CHARSET=latin1;

--
-- Dumping data for table `user`
--

INSERT INTO `user` (`id`, `username`, `password`) VALUES
(1, 'ooary', '827ccb0eea8a706c4c34a16891f84e7b');

--
-- Indexes for dumped tables
--

--
-- Indexes for table `artikel`
--
ALTER TABLE `artikel`
 ADD PRIMARY KEY (`id_artikel`), ADD UNIQUE KEY `judul` (`judul`);

--
-- Indexes for table `gambar`
--
ALTER TABLE `gambar`
 ADD PRIMARY KEY (`id_gambar`);

--
-- Indexes for table `kategori`
--
ALTER TABLE `kategori`
 ADD PRIMARY KEY (`id_kategori`), ADD UNIQUE KEY `kategori` (`kategori`);

--
-- Indexes for table `komentar`
--
ALTER TABLE `komentar`
 ADD PRIMARY KEY (`id_komentar`);

--
-- Indexes for table `peta`
--
ALTER TABLE `peta`
 ADD PRIMARY KEY (`id_peta`), ADD UNIQUE KEY `nama` (`nama`);

--
-- Indexes for table `user`
--
ALTER TABLE `user`
 ADD PRIMARY KEY (`id`);

--
-- AUTO_INCREMENT for dumped tables
--

--
-- AUTO_INCREMENT for table `artikel`
--
ALTER TABLE `artikel`
MODIFY `id_artikel` bigint(20) NOT NULL AUTO_INCREMENT,AUTO_INCREMENT=60;
--
-- AUTO_INCREMENT for table `gambar`
--
ALTER TABLE `gambar`
MODIFY `id_gambar` int(11) NOT NULL AUTO_INCREMENT,AUTO_INCREMENT=21;
--
-- AUTO_INCREMENT for table `kategori`
--
ALTER TABLE `kategori`
MODIFY `id_kategori` bigint(20) NOT NULL AUTO_INCREMENT,AUTO_INCREMENT=4;
--
-- AUTO_INCREMENT for table `komentar`
--
ALTER TABLE `komentar`
MODIFY `id_komentar` int(11) NOT NULL AUTO_INCREMENT,AUTO_INCREMENT=6;
--
-- AUTO_INCREMENT for table `peta`
--
ALTER TABLE `peta`
MODIFY `id_peta` int(11) NOT NULL AUTO_INCREMENT,AUTO_INCREMENT=11;
--
-- AUTO_INCREMENT for table `user`
--
ALTER TABLE `user`
MODIFY `id` int(11) NOT NULL AUTO_INCREMENT,AUTO_INCREMENT=2;
/*!40101 SET CHARACTER_SET_CLIENT=@OLD_CHARACTER_SET_CLIENT */;
/*!40101 SET CHARACTER_SET_RESULTS=@OLD_CHARACTER_SET_RESULTS */;
/*!40101 SET COLLATION_CONNECTION=@OLD_COLLATION_CONNECTION */;
